Workbook

Sheet Summary
A1: Mining Fleet Reliability — Cost-of-Downtime Business Case
A2: Portfolio project — synthetic/adapted dataset (AI4I 2020 re-skinned onto a 48-asset mining fleet). Downtime-cost benchmarks are real, cited, general-industrial sources (not mining-specific) — see 'Assumptions & Sources'.
A4: Prepared by: | B4: Gagana Suresh
A5: Date: | B5: 28 September 2026
A7: 1. Current-State Annual Loss — Mobile Fleet Only
A8: Coverage caveat: only the Mobile fleet (83 of 339 real failures, 24.5%) carries a sourced repair-time figure. Fixed plant (21 failures) and Ancillary (235 failures) — 75.5% of all failures — are reported by frequency only; they are NOT zero-cost, they are undisclosed cost. See 'Limitations'.
A10: Metric | B10: Low scenario (UK/Ireland survey) | C10: High scenario (US survey)
A11: Mobile-fleet hours lost (annualized est.) | B11: ='Current-State Cost'!D5 -> 182.6 | C11: ='Current-State Cost'!D5 -> 182.6
A12: Mobile-fleet dollar loss | B12: ='Current-State Cost'!E5 -> 1720639.8 | C12: ='Current-State Cost'!F5 -> 6500103.5
A14: 2. Projected Annual Savings — To-Be Process (Mobile Fleet)
A15: Driver: FR-01 asset-level rollup + repeat-failure escalation sign-off gate (Process Maps, Option B, locked 3 Sept 2026). The reduction % below is an ILLUSTRATIVE sensitivity range, not a cited benchmark — no defensible public source was found for this specific intervention type after a search (only vendor-blog-level sources turned up, which this project's sourcing standard already rejects as inadequate — see Scope-Decisions-and-Limitations-Log precedent). Must be calibrated with the Reliability Engineer before use as a committed savings target (Project Charter §4, O3 governance rule).
A18: Reduction scenario | B18: Hours avoided/yr | C18: Savings — Low rate | D18: Savings — High rate
A19: ='Projected Savings'!A5 -> 0.05 | B19: ='Projected Savings'!B5 -> 9.13 | C19: ='Projected Savings'!C5 -> 86031.99 | D19: ='Projected Savings'!D5 -> 325005.17
A20: ='Projected Savings'!A6 -> 0.1 | B20: ='Projected Savings'!B6 -> 18.26 | C20: ='Projected Savings'!C6 -> 172063.98 | D20: ='Projected Savings'!D6 -> 650010.35
A21: ='Projected Savings'!A7 -> 0.15 | B21: ='Projected Savings'!B7 -> 27.39 | C21: ='Projected Savings'!C7 -> 258095.97 | D21: ='Projected Savings'!D7 -> 975015.53
A23: 3. Read This With
A24: → 'Assumptions & Sources' for every figure's tag (dataset / cited source / assumption) and citation.
A25: → 'Limitations' before this workbook is quoted anywhere — the coverage and rate caveats are load-bearing, not boilerplate.

Sheet Assumptions & Sources
A1: Assumptions & Sources
A2: Every figure used anywhere in this workbook traces to exactly one of: DATASET, CITED SOURCE, or ASSUMPTION. Yellow rows are the load-bearing judgment calls.
A4: # | B4: Assumption / figure | C4: Value | D4: Tag | E4: Source / citation | F4: Notes
A5: 1 | B5: Mobile-fleet real failures | C5: 83 | D5: DATASET | E5: mining_reliability.db, v_failure_rate_by_tier (AI4I 2020 re-skinned) | F5: Medium tier, 14 assets.
A6: 2 | B6: Fixed-plant real failures | C6: 21 | D6: DATASET | E6: mining_reliability.db, v_failure_rate_by_tier | F6: High tier, 5 assets.
A7: 3 | B7: Ancillary real failures | C7: 235 | D7: DATASET | E7: mining_reliability.db, v_failure_rate_by_tier | F7: Low tier, 29 assets.
A8: 4 | B8: Total real failures | C8: 339 | D8: DATASET | E8: Sum of the three tiers above | F8: 339 = source-of-truth Machine-failure=1 count; 18 RNF-only rows excluded (Data Dictionary §2, Finding 2).
A9: 5 | B9: Mobile-fleet repair time / event (hrs) | C9: 2.2 | D9: CITED SOURCE | E9: Rezaei Dashtaki, Jandaghi Jafari & Hoseinie (2025), Scientific Reports 15, doi.org/10.1038/s41598-025-88505-3 (rope-shovel class, Sarcheshmeh Copper Mine); cross-checked against Jakkula, Mandela & Tripathi (2025), J. Eng. Mgmt & Sys. Eng. 4(4):257-268, doi.org/10.56578/jemse040403 (LHD class). | F9: Central/typical-case estimate, NOT a ceiling — sources document individual repairs up to 45 hrs.
A10: 6 | B10: Fixed-plant / Ancillary repair time | C10: Not available | D10: ASSUMPTION — disclosed gap | E10: Scope-Decisions-and-Limitations-Log.md, 25 Aug – 8 Sept 2026 (Option B / Option C) | F10: No defensible public source after two sourcing passes + an independent verification pass. Reported by frequency only — a disclosed scope boundary, not an unexplained blank.
A11: 7 | B11: Downtime cost/hr — LOW scenario (GBP/hr) | C11: 5000 | D11: CITED SOURCE | E11: RS/IMechE 2023 UK & Ireland maintenance survey, n=683 respondents | F11: General industrial, NOT mining-specific — genuine gap in publicly available mining-specific data.
A12: 8 | B12: GBP→AUD conversion rate | C12: 1.8846 | D12: CITED SOURCE | E12: XE.com mid-market rate, retrieved 28 Sept 2026 | F12: Spot rate at time of writing, not the survey's original 2023 period rate — a minor further source of imprecision, see Limitations.
A13: 9 | B13: Downtime cost/hr — LOW scenario (AUD) | C13: =C11*C12 -> 9423 | D13: ASSUMPTION — derived | E13: Row 7 value x Row 8 rate | F13: Formula cell — recalculates if either input changes.
A14: 10 | B14: Downtime cost/hr — HIGH scenario (USD/hr) | C14: 25000 | D14: CITED SOURCE | E14: MaintainX 2024 State of Industrial Maintenance survey, n=1,165 respondents | F14: General industrial, NOT mining-specific — same caveat as Row 7.
A15: 11 | B15: USD→AUD conversion rate | C15: 1.4239 | D15: CITED SOURCE | E15: XE.com mid-market rate, retrieved 28 Sept 2026 | F15: Spot rate at time of writing, not the survey's original 2024 period rate.
A16: 12 | B16: Downtime cost/hr — HIGH scenario (AUD) | C16: =C14*C15 -> 35597.5 | D16: ASSUMPTION — derived | E16: Row 10 value x Row 11 rate | F16: Formula cell.
A17: 13 | B17: Repair cost (labor + parts) | C17: Excluded — all tiers | D17: ASSUMPTION — scope decision | E17: Scope-Decisions-and-Limitations-Log.md, 25 Aug 2026; Data Dictionary §3.3 | F17: Not found anywhere publicly verifiable (SMRP, OREDA, Deloitte, IMechE, MaintainX, academic sources, OEM handbooks all searched). A real ERP/CMMS would hold this — unquantified upside, not zero cost.
A18: 14 | B18: To-be downtime reduction, Mobile fleet | C18: 5% / 10% / 15% (sensitivity) | D18: ASSUMPTION — illustrative | E18: No defensible external benchmark found for this specific intervention | F18: Requires Reliability Engineer + Finance calibration before use as a committed target (Project Charter §4, O3).

Sheet Current-State Cost
A1: Current-State Cost of Downtime, by Asset Tier
A4: Tier | B4: Real Failures [DATASET] | C4: Repair Time/ Event (hrs) | D4: Total Hours Lost | E4: $ Loss — Low rate | F4: $ Loss — High rate | G4: Disclosed Reason (Fixed plant / Ancillary)
A5: Mobile fleet (Medium) | B5: 83 | C5: 2.2 | D5: =B5*C5 -> 182.6 | E5: =D5*'Assumptions & Sources'!C13 -> 1720639.8 | F5: =D5*'Assumptions & Sources'!C16 -> 6500103.5 | G5: Central/typical-case estimate (2.2 hrs), not a ceiling — see Assumptions row 5.
A6: Fixed plant (High) | B6: 21 | C6: n/a | D6: n/a | E6: n/a | F6: n/a | G6: No defensible repair-time source exists for this equipment class after two sourcing passes + an independent verification pass (Scope Log, 1 Sept 2026, Option B). The industry doesn't publicly track repair time for the mining equipment that matters most — itself a finding, not a hole in this analysis.
A7: Ancillary (Low) | B7: 235 | C7: n/a | D7: n/a | E7: n/a | F7: n/a | G7: The only proxy source found (pumps/valves/motors) covers roughly 3 of this tier's ~8 equipment types; applying it fleet-wide would overreach the source (Scope Log, 8 Sept 2026, Option C). Reported by frequency only.
A8: Total | B8: =SUM(B5:B7) -> 339 | D8: =D5 -> 182.6 | E8: =E5 -> 1720639.8 | F8: =F5 -> 6500103.5 | G8: Fixed plant + Ancillary rows do not sum in — see coverage note below.
A10: Coverage — % of total failures that are dollar-quantified | B10: =B5/B8 -> 0.24483776
A11: Fixed plant (21) and Ancillary (235) failures — 75.5% of the fleet's 339 real failures — carry NO dollar figure. This is a disclosed scope boundary (no defensible repair-time source exists for either tier), not a claim that those failures cost nothing.

Sheet Projected Savings
A1: Projected Annual Savings — To-Be Process (Mobile Fleet Only)
A2: Baseline: 'Current-State Cost'!D5 (Mobile-fleet hours lost/yr). Reduction % scenarios below are an ILLUSTRATIVE sensitivity range — not a cited benchmark. See 'Assumptions & Sources' row 14 and 'Limitations'.
A4: Reduction scenario | B4: Hours avoided/yr | C4: Savings — Low rate | D4: Savings — High rate | E4: Notes
A5: 0.05 | B5: ='Current-State Cost'!$D$5*A5 -> 9.13 | C5: =B5*'Assumptions & Sources'!$C$13 -> 86031.99 | D5: =B5*'Assumptions & Sources'!$C$16 -> 325005.17
A6: 0.1 | B6: ='Current-State Cost'!$D$5*A6 -> 18.26 | C6: =B6*'Assumptions & Sources'!$C$13 -> 172063.98 | D6: =B6*'Assumptions & Sources'!$C$16 -> 650010.35 | E6: Illustrative scenario — pending Reliability Engineer sign-off.
A7: 0.15 | B7: ='Current-State Cost'!$D$5*A7 -> 27.39 | C7: =B7*'Assumptions & Sources'!$C$13 -> 258095.97 | D7: =B7*'Assumptions & Sources'!$C$16 -> 975015.53
A9: Driver: FR-01 asset-level cumulative rollup (BRD §8.1) + the repeat-failure escalation sign-off gate (Process Maps, Option B, locked 3 Sept 2026) — earlier visibility into repeat patch-repairs is assumed to prevent a portion of Mobile-fleet downtime hours from recurring. No external benchmark exists for this specific intervention at the rigor this project's sourcing standard requires (searched; only vendor-blog-level sources found, rejected per precedent — see Scope-Decisions-and-Limitations-Log). Treat 10% as the working-planning midpoint only until the Reliability Engineer confirms a real figure against site experience.

Sheet Limitations
A1: Limitations & Disclosures
A2: Read before this workbook's numbers are quoted anywhere (README, video, LinkedIn article, interview).
A4: 1 | B4: Repair cost excluded — This analysis does not include potential reductions in maintenance labour and parts cost, which represents additional unquantified upside; a real engagement would source this directly from the client's ERP/CMMS cost data, which this project's synthetic dataset has no equivalent for. (Financial Controller interview, 3 Sept 2026 — language reused verbatim per her recommendation.)
A5: 2 | B5: 75.5% of failures are dollar-unquantified — Fixed plant (21 failures) and Ancillary (235 failures) carry no repair-time source and therefore no dollar figure — only the Mobile fleet's 83 failures (24.5% of the fleet's 339) are costed. This is a disclosed scope boundary, not a claim those failures are free. Fixed plant is the fleet's highest-criticality tier — the industry not publicly tracking its repair time is itself a finding worth surfacing to leadership, not a hole in this analysis.
A6: 3 | B6: Neither downtime-cost rate is mining-specific — Both the UK/Ireland (£5,000/hr) and US (US$25,000/hr) survey benchmarks are general-industrial. No mining-specific, publicly verifiable downtime-cost-per-hour figure was found after a full sourcing pass. The ~3.8x spread between the two scenarios reflects genuine cross-industry rate variance, not calculation error — this is why both are carried through as a range rather than collapsed into one number.
A7: 4 | B7: Mobile-fleet hours estimate is central, not a ceiling — 182.6 hours/year uses a 2.2 hr/event typical-case average. The same cited sources document individual repairs running as long as 45 hours — a handful of unusually bad repairs could push the real total well above this figure. Report as 'approximately 183 hours, typical case,' never as a single precise ceiling.
A8: 5 | B8: Projected savings % is illustrative, not benchmarked — The 5/10/15% reduction scenarios in 'Projected Savings' were not derived from any external, verifiable source — a search for one returned only vendor-blog-level material, which this project's own sourcing standard already treats as inadequate (see the repair-cost and Fixed-plant sourcing precedent). These numbers must be calibrated against real site experience by the Reliability Engineer, and signed off by Finance, before being used as a committed savings target — per the materiality-threshold-agreed-in-advance rule already governing O3 (Project Charter §4).
A9: 6 | B9: Currency conversion uses spot rates, not survey-period rates — GBP/AUD and USD/AUD conversions were performed 28 Sept 2026 at then-current spot rates (XE.com), not the rates in effect when the 2023/2024 surveys were fielded. This adds a further, smaller layer of imprecision on top of the underlying cross-industry rate uncertainty already disclosed above.
A10: 7 | B10: Synthetic dataset — The operational dataset (AI4I 2020, UCI ML Repository) is a real, published industrial dataset, re-skinned onto a synthetic 48-asset mining fleet (5 Fixed plant / 14 Mobile fleet / 29 Ancillary). Failure counts and sensor-derived findings are real dataset values; asset identities, site, and company are synthetic. See 05-Data-Dictionary.md and the data-lineage note for full detail.
