Workbook

Sheet Traceability Matrix
A1: 10 — Requirements Traceability Matrix
A2: Project: Reducing Unplanned Equipment Downtime & Improving Maintenance Reliability | Prepared by: Gagana Suresh | Date: 1 October 2026
A3: Maps every BRD functional requirement (03-BRD-Maintenance-Reporting.md) to its business requirement, user story (07-User-Stories.md), test case (08-Test-Cases.md), and prototype dashboard element.
A4: Dashboard Coverage = Full (dedicated element matching the BRD's display spec) / Partial (relevant but incomplete vs. spec) / None (no element exists) / N/A by design (process/CMMS requirement, not a reporting view).
A5: See 'Open Gaps & Findings' tab for every coverage gap found, with severity and recommended action. See 'Legend & Methodology' tab for full definitions.
A7: FR ID | B7: FR — Short Description | C7: BR ID | D7: Priority | E7: User Stor(y/ies) | F7: Test Case(s) | G7: Dashboard Element (Prototype) | H7: Dashboard Coverage | I7: FR Status Category | J7: FR Status — Detail | K7: Gap Ref
A8: FR-01 | B8: Asset-level cumulative failure/cost rollup, drillable, 6/12/24-month window | C8: BR-01 | D8: Must | E8: US-01, US-02, US-03 | F8: TC-001–TC-013 | G8: "Worst Offenders" worksheet (asset-level, RANK() top-5 highlight) | H8: Partial | I8: Ready | J8: Ready per BRD/backlog. | K8: G1
A9: FR-02 | B9: Failure-mode Pareto, count + cost-weighted, side by side | C9: BR-02 | D9: Must | E9: US-04 | F9: TC-014–TC-017 | G9: "Pareto" worksheet (failure-mode ranking) | H9: Partial | I9: Ready | J9: Ready per BRD/backlog. | K9: G2
A10: FR-03 | B10: Asset-tier segmentation — failure rate and cost, side by side | C10: BR-03 | D10: Must | E10: US-05 | F10: TC-018–TC-020 | G10: "Failure Rate by Tier" + "Downtime Hours by Tier" worksheets | H10: Full | I10: Ready | J10: Ready per BRD/backlog. Cross-checked against Scope-Decisions-and-Limitations-Log locked figures (3.92%/2.77%/2.09%) and matched.
A11: FR-04 | B11: Confidence/traceability disclosure — three-tag badge + drill-down on every figure | C11: BR-01 | D11: Must | E11: US-06 | F11: TC-021–TC-024 | G11: None | H11: None | I11: Ready | J11: Ready per BRD/backlog, but NOT present anywhere in the current Tableau Public prototype. | K11: G3
A12: FR-05 | B12: Planned/unplanned flag at point of work-order entry | C12: BR-01 | D12: Must | E12: US-07 | F12: TC-025–TC-027 | G12: N/A — CMMS data-capture/process requirement, not a reporting view | H12: N/A by design | I12: Blocked | J12: Blocked — BRD §17 Action 1 (frontline validation) and Action 2 (CMMS/IT platform feasibility) both still open. | K12: G6
A13: FR-06 | B13: Corrected repair-duration capture (minimum bar: reassignment flag; stretch: live timestamps) | C13: BR-01 | D13: Must | E13: US-08, US-09 | F13: TC-028–TC-030 | G13: N/A — CMMS data-capture/process requirement, not a reporting view | H13: N/A by design | I13: Blocked | J13: Blocked — BRD §17 Action 1 and Action 2 both still open. | K13: G6
A14: FR-07 | B14: Amber-trend automatic escalation after N consecutive review cycles | C14: BR-06 | D14: Should | E14: US-10 | F14: TC-031–TC-033 | G14: N/A — automated backend rule, not a reporting view | H14: N/A by design | I14: Blocked | J14: Blocked — BRD §17 Action 4 (Reliability Engineer has not yet confirmed the 3-cycle threshold). | K14: G6
A15: FR-08 | B15: Calibration date logged and displayed against sensor ID | C15: BR-06 | D15: Should | E15: US-11 | F15: TC-034–TC-036 | G15: Not built in current prototype (no sensor-level calibration view in Tableau Public build) | H15: None | I15: Ready | J15: Ready per BRD/backlog; simply outside the 4-worksheet prototype's current scope.
A16: FR-09 | B16: Non-disciplinary contributing-factor field at work-order close-out | C16: BR-01 | D16: Should | E16: US-12 | F16: TC-037–TC-038 | G16: N/A — CMMS close-out field, not a reporting view | H16: N/A by design | I16: Blocked | J16: Blocked — Risk 7 / BRD §17 Action 1: no Operations-side stakeholder has reviewed this field yet. | K16: G6
A17: FR-10 | B17: Fixed-plant frequency-only treatment reconciled across all reports | C17: BR-01 | D17: Should | E17: US-13 | F17: TC-039 | G17: Reflected in "Downtime Hours by Tier" (Fixed plant/Ancillary shown without a $ figure, consistent with Option B/C) | H17: Full | I17: Ready | J17: Ready per BRD/backlog.
A18: FR-11 | B18: Preventable-vs-random failure split view (TWF/HDF/PWF/OSF vs. RNF) | C18: BR-04 | D18: Must | E18: US-14 | F18: TC-040–TC-042 | G18: None | H18: None | I18: Ready | J18: Ready per BRD/backlog, but NOT present on the dashboard — despite the underlying figure (97.3% preventable) already being fully computed in EDA-Findings.md. | K18: G4
A19: FR-12 | B19: Torque/tool-wear overstrain threshold display | C19: BR-05 | D19: Should | E19: US-15 | F19: TC-043–TC-045 | G19: None | H19: None | I19: Ready | J19: Ready — Q5 threshold analysis performed 1 Oct 2026 (EDA-Findings.md): tool_wear x torque > tier threshold, 100% precision / 100% recall against the pre-registered 90%/90% bar (98 TP, 0 FP, 0 FN). Gap G5 resolved via real analysis, not relabeling. Display element itself still not built (dashboard coverage: None). | K19: G5 (resolved)
A20: FR-13 | B20: Precursor-pattern classification display (detectable/not detectable/inconclusive) | C20: BR-06 | D20: Should | E20: US-16 | F20: TC-046–TC-048 | G20: None | H20: None | I20: Ready | J20: Ready — Q6 precursor-detectability analysis performed 1 Oct 2026 (EDA-Findings.md): HDF/PWF/OSF Detectable-deterministic, TWF Detectable-probabilistic, RNF correctly Not detectable, all against the same pre-registered 90%/90% bar. Gap G5 resolved via real analysis, not relabeling. Display element itself still not built (dashboard coverage: None). | K20: G5 (resolved)
A21: FR-14 | B21: Simplified, consistent cause-code taxonomy (proposed, not yet adopted) | C21: — (proposed; no BR) | D21: Proposed | E21: US-17 | F21: TC-049 | G21: N/A — proposed CMMS field, not yet adopted into BRD scope | H21: N/A by design | I21: Proposed | J21: Proposed — not yet in BRD. Not counted toward committed engagement scope per 07-User-Stories.md.

Sheet BR & Objective Status
A1: Business Requirement & Charter Objective Status
A2: Cross-references BR-01–BR-06 (03-BRD-Maintenance-Reporting.md §7) against their Charter objective (01-Project-Charter.md §2/§4) and named reviewer.
A3: '# FRs per Matrix tab (formula)' recomputes live from the Traceability Matrix tab — a cross-check that the hardcoded FR list below hasn't drifted from the matrix.
A4: 'Objective status' is the Business Analyst's own assessment as of 1 Oct 2026, not a formal sign-off — formal sign-off is tracked separately in 01-Project-Charter.md §4 and 03-BRD-Maintenance-Reporting.md §16.
A6: BR ID | B6: Charter Objective | C6: Reviewer(s) | D6: FR(s) mapped (reference) | E6: # FRs per Matrix tab (formula) | F6: Objective status — honest assessment, 1 Oct 2026
A7: BR-01 | B7: O1 — Quantify total unplanned-downtime hours and cost lost | C7: Finance/Cost Controller | D7: FR-01, FR-04, FR-05, FR-06, FR-09, FR-10 | E7: =COUNTIF('Traceability Matrix'!$C$8:$C$21,A7) -> 6 | F7: Partially met. Mobile-fleet $ figure is complete and reconciled (06-Business-Case.xlsx); Fixed plant/Ancillary remain frequency-only by disclosed decision (Option B/C), not a gap. FR-04's disclosure mechanism (G3) and the four CMMS process FRs (G6) are not yet built. Finance/Cost Controller sign-off not yet obtained.
A8: BR-02 | B8: O2 — Rank failure modes by downtime/cost share (Pareto) | C8: Reliability Engineer | D8: FR-02 | E8: =COUNTIF('Traceability Matrix'!$C$8:$C$21,A8) -> 1 | F8: Partially met. Count-based ranking is dataset-complete and corrected (OSF-undercount fix, 10 Sept). Dashboard shows a single Pareto view, not FR-02's full side-by-side count + cost-weighted + dual-metric spec (G2). Reliability Engineer sign-off not yet obtained.
A9: BR-03 | B9: O3 — Determine which asset tier drives highest failure rate/cost; assess differentiated-investment case | C9: Reliability Engineer + Finance/Cost Controller | D9: FR-03 | E9: =COUNTIF('Traceability Matrix'!$C$8:$C$21,A9) -> 1 | F9: Partially met. Failure rate and cost are reported and displayed per tier (Full dashboard coverage). The differentiated-investment yes/no recommendation itself has NOT yet been formally stated against a pre-agreed materiality threshold, as O3's own success criterion requires — that threshold has not yet been set.
A10: BR-04 | B10: O4 — Quantify preventable vs. random failure proportion | C10: Reliability Engineer | D10: FR-11 | E10: =COUNTIF('Traceability Matrix'!$C$8:$C$21,A10) -> 1 | F10: Data-complete, display-incomplete. 97.3% preventable / multi-flag and RNF caveats are fully computed and documented (EDA-Findings.md). Not yet shown on the dashboard (G4) and not yet reviewed by the Reliability Engineer.
A11: BR-05 | B11: O5 — Test a torque/tool-wear threshold for a proactive replacement policy | C11: Reliability Engineer | D11: FR-12 | E11: =COUNTIF('Traceability Matrix'!$C$8:$C$21,A11) -> 1 | F11: Met, pending formal review. Q5 analysis performed 1 Oct 2026 (EDA-Findings.md): the documented tool_wear x torque overstrain threshold achieves 100% precision / 100% recall against a pre-registered 90%/90% bar (98 TP, 0 FP, 0 FN) — a GO recommendation. This is the Business Analyst's own assessment as of 1 Oct 2026, not a formal sign-off; Reliability Engineer review has not yet been obtained. 07-User-Stories.md and 08-Test-Cases.md's Ready/Executable status is now substantiated — Gap G5 resolved, see Scope-Decisions-and-Limitations-Log.md.
A12: BR-06 | B12: O6 — Identify failure modes with detectable sensor precursor patterns | C12: Reliability Engineer + Project Sponsor | D12: FR-07, FR-08, FR-13 | E12: =COUNTIF('Traceability Matrix'!$C$8:$C$21,A12) -> 3 | F12: Met for 4 of 5 failure modes, pending formal review. Q6 analysis performed 1 Oct 2026 (EDA-Findings.md): HDF and PWF are Detectable-deterministic (100%/100%), OSF likewise (cross-referenced to Q5), TWF is Detectable-probabilistic (93.5% recall, only 5.4% precision — correctly fails the precision leg of the pre-registered bar rather than being forced into a pass), and RNF is correctly Not detectable (the expected null result for a documented ~0.1% random trigger). A new limitation travels with all five results: AI4I's cross-sectional data proves these conditions are distinguishable, not that genuine advance lead time exists. This is the Business Analyst's own assessment as of 1 Oct 2026, not a formal sign-off; Reliability Engineer review has not yet been obtained. FR-07 and FR-08 remain Blocked/unbuilt respectively, independent of this finding.

Sheet Coverage Summary
A1: Coverage Summary
A2: All figures below recompute live from the 'Traceability Matrix' tab (COUNTIF/COUNTIFS formulas) — edit a row there and these numbers update, they are never hardcoded.
A3: Benchmark: 01-Project-Charter.md §4, O0 — 'every functional requirement in the BRD has a corresponding test case and dashboard element in the traceability matrix, with zero orphaned requirements at hand-over.'
A5: Metric | B5: Value
A6: Total functional requirements (FR-01–FR-14) | B6: =COUNTA('Traceability Matrix'!$A$8:$A$21) -> 14
A7: — Must priority | B7: =COUNTIF('Traceability Matrix'!$D$8:$D$21,"Must") -> 7
A8: — Should priority | B8: =COUNTIF('Traceability Matrix'!$D$8:$D$21,"Should") -> 6
A9: — Proposed / unprioritized | B9: =COUNTIF('Traceability Matrix'!$D$8:$D$21,"Proposed") -> 1
A11: FRs with at least one User Story | B11: =COUNTIF('Traceability Matrix'!$E$8:$E$21,"<>") -> 14 | C11: Target: 100% — every numbered FR must have a backlog story.
A12: FRs with at least one Test Case | B12: =COUNTIF('Traceability Matrix'!$F$8:$F$21,"<>") -> 14 | C12: Target: 100% — every numbered FR must have UAT coverage designed.
A14: FR Status — Ready | B14: =COUNTIF('Traceability Matrix'!$I$8:$I$21,"Ready") -> 9
A15: FR Status — Blocked | B15: =COUNTIF('Traceability Matrix'!$I$8:$I$21,"Blocked") -> 4
A16: FR Status — Proposed | B16: =COUNTIF('Traceability Matrix'!$I$8:$I$21,"Proposed") -> 1
A17: FR Status — See Gap (status itself disputed) | B17: =COUNTIF('Traceability Matrix'!$I$8:$I$21,"See Gap") -> 0 | C17: Expected: 0. FR-12/FR-13 carried this status until Gap G5 was resolved 1 Oct 2026 via real Q5/Q6 analysis — see Scope-Decisions-and-Limitations-Log.md.
A19: Dashboard coverage — Full | B19: =COUNTIF('Traceability Matrix'!$H$8:$H$21,"Full") -> 2
A20: Dashboard coverage — Partial | B20: =COUNTIF('Traceability Matrix'!$H$8:$H$21,"Partial") -> 2
A21: Dashboard coverage — None (ORPHANED per Charter O0) | B21: =COUNTIF('Traceability Matrix'!$H$8:$H$21,"None") -> 5 | C21: This is the headline number against O0's 'zero orphaned requirements' standard. Currently non-zero — see Open Gaps tab.
A22: Dashboard coverage — N/A by design (process/CMMS FRs) | B22: =COUNTIF('Traceability Matrix'!$H$8:$H$21,"N/A by design") -> 5 | C22: Not a gap — these FRs change a workflow, not a report, so a dashboard element isn't the right artifact for them.
A24: Must-priority FRs with Full or Partial dashboard coverage | B24: =COUNTIFS('Traceability Matrix'!$D$8:$D$21,"Must",'Traceability Matrix'!$H$8:$H$21,"Full")+COUNTIFS('Traceability Matrix'!$D$8:$D$21,"Must",'Traceability Matrix'!$H$8:$H$21,"Partial") -> 3 | C24: Out of Must-priority FRs — see next row for the denominator.
A25: Total Must-priority FRs | B25: =COUNTIF('Traceability Matrix'!$D$8:$D$21,"Must") -> 7

Sheet Open Gaps & Findings
A1: Open Gaps & Findings
A2: This is the substantive output of building this matrix, not a formality — every row below is a real, specific gap found by cross-checking the BRD against the backlog, the test suite, the dashboard, and the EDA findings against each other.
A3: Severity: High = a Must-level reporting gap, or a cross-document factual inconsistency. Medium = already known/tracked elsewhere, restated here for completeness so this matrix is a genuinely complete picture, not a partial one.
A5: Gap ID | B5: Severity | C5: Requirement(s) / Objective(s) Affected | D5: Description | E5: Recommended Action | F5: Status
A6: G1 | B6: Medium | C6: FR-01 (Must), BR-01 | D6: The prototype's "Worst Offenders" worksheet shows a static top-5 ranked asset view. The BRD's full FR-01 spec requires a 6/12/24-month window selector, a month-over-month trend indicator, and drill-down to source work orders — none of which exist in the Tableau Public prototype. | E6: DECIDED 1 Oct 2026: deferred, not built. Expected and acceptable for a standalone, non-production prototype (Charter §3) — the gap is between 'prototype' and 'production system,' which the Charter already anticipates, not an oversight. State this explicitly in the README/video rather than implying the dashboard is the finished FR-01 capability. | F6: Closed by decision — deferred permanently (out of this engagement's scope per Charter §3), not carried forward as an open task.
A7: G2 | B7: Medium | C7: FR-02 (Must), BR-02 | D7: The dashboard's "Pareto" worksheet shows one ranking (count-based, with the known >100% effect from multi-flag true-occurrence counting). FR-02 requires count and cost-weighted rankings displayed side by side, with neither marked authoritative. | E7: DECIDED 1 Oct 2026: deferred to the Final repo pass (Reconciled-Finish-Schedule.md) alongside G3/G4, since all three require re-opening the Tableau Public workbook in a computer-use session rather than a documentation-only pass. If time allows during that pass, add a second worksheet showing the cost-weighted ranking for Mobile fleet (the only tier with a $ figure); if not, disclose as a named prototype-vs-production-spec gap in the README/video rather than silently implying full FR-02 compliance. | F7: Deferred to Final repo pass — stated reason given, not silently carried forward.
A8: G3 | B8: High | C8: FR-04 (Must), BR-01 | D8: The three-tag (Dataset-derived / Cited source / Labeled assumption) disclosure system — the Financial Controller's own stated non-negotiable standard (BRD §3, §9) — has zero presence anywhere on the dashboard. Tableau Public has no native per-figure tagging/badge mechanism. | E8: DECIDED 1 Oct 2026: deferred to the Final repo pass, not fixed here — this documentation-consistency pass is text-only and has no Tableau Desktop/computer-use access to edit the published workbook. When that pass runs, add a visible caption or annotation on each worksheet naming its data source and tag (e.g., "Failure counts: DATASET (AI4I 2020 re-skinned). Repair-time benchmark: CITED SOURCE, see Assumptions & Sources.") as a lower-fidelity but honest substitute within Tableau Public's real capability, and state in the README/video that full FR-04 badge/drill-down behavior needs a production BI tool beyond this prototype. | F8: Deferred to Final repo pass — High severity, do not drop; stated reason (no dashboard-editing access in this pass) given.
A9: G4 | B9: High | C9: FR-11 (Must), BR-04 | D9: The preventable-vs-random split (97.3% preventable; TWF/HDF/PWF/OSF individually; RNF's labelling-inconsistency caveat) is fully computed and documented in EDA-Findings.md, but has no corresponding dashboard worksheet at all. | E9: DECIDED 1 Oct 2026: deferred to the Final repo pass, same reason as G3 — no Tableau-editing access in this text-only documentation-consistency pass. This is the cheapest of the three dashboard gaps to close once that session runs: the number already exists, nothing new needs to be analyzed, only a 5th worksheet (a stacked bar or KPI tiles) needs to be added. | F9: Deferred to Final repo pass — High severity, do not drop; stated reason given.
A10: G5 | B10: High | C10: FR-12, FR-13 (Should), BR-05, BR-06 — cross-document consistency finding | D10: EDA-Findings.md stated explicitly that Q5 (torque/tool-wear threshold) and Q6 (precursor-pattern detection) had NOT been analyzed yet ("the next layer of EDA work, not answered here"), while 07-User-Stories.md marked US-15/US-16 Status: Ready and 08-Test-Cases.md marked TC-043–048 Executable against that non-existent analysis — a test case cannot genuinely be executable against an analysis that doesn't exist. RESOLVED 1 Oct 2026: the real Q5/Q6 statistical analysis was run against a pre-registered 90% precision / 90% recall bar (fixed before testing, to satisfy Charter O5's anti-bare-correlation requirement), using the real, canonical AI4I 2020 dataset. Q5 (OSF threshold): 100%/100%, GO. Q6: HDF/PWF/OSF Detectable-deterministic, TWF Detectable-probabilistic, RNF correctly Not detectable. Full methodology, results, and a new cross-sectional-vs-longitudinal limitation (the data proves distinguishability, not advance lead time) are recorded in EDA-Findings.md and Scope-Decisions-and-Limitations-Log.md. | E10: Action taken, not merely recommended: Gagana chose to run the real analysis rather than relabel the backlog (option (1) of two options presented). FR-12/FR-13 status updated to Ready in this matrix's Traceability Matrix tab, with detail text naming the specific result; US-15/16 and TC-043–048 are now legitimately substantiated, not just relabeled. Remaining open item: formal Reliability Engineer sign-off on both findings has not yet been obtained — tracked as a BR-05/BR-06 status note on the 'BR & Objective Status' tab, not a new gap. | F10: Resolved — 1 October 2026.
A11: G6 | B11: Medium | C11: FR-05, FR-06, FR-07, FR-09 (Must/Should), BR-01, BR-06 | D11: These are CMMS data-capture/process-change requirements, not reporting views, so "no dashboard element" is correct by design, not a gap. Their real open item is that each remains Blocked pending a validation action already named in the BRD: frontline sign-off and CMMS/IT feasibility (FR-05, FR-06, FR-09), and Reliability Engineer threshold confirmation (FR-07). | E11: DECIDED 1 Oct 2026: deferred by nature, not by oversight — these four FRs are blocked on stakeholder validation (frontline tradespeople, CMMS/IT system owner, Reliability Engineer) that this project's interview phase deliberately did not reach (BRD §17, disclosed scope boundary, not a gap this project can close itself). No new action beyond what BRD §17 Actions 1, 2, and 4, and Risk 7 already specify. | F11: Closed by decision — permanently deferred to a real engagement's next phase; tracked in BRD §17, not carried forward here as if newly open.
A12: G7 | B12: Medium | C12: NFR-05 / AC-6 (BRD §15), US-03 AC3, TC-011 | D12: The finance/ERP reconciliation tolerance that AC-6 requires be agreed with the Financial Controller has not yet been set — it blocks TC-011 from being executable. | E12: DECIDED 1 Oct 2026: deferred by nature, not by oversight — this requires a live Financial Controller negotiation this project's interview phase is already complete and cannot reopen within the current scope. No new action beyond what BRD §17 Action 3 already specifies. | F12: Closed by decision — permanently deferred to a real engagement's next phase; tracked in BRD §17, not carried forward here as if newly open.
A13: G8 | B13: Medium | C13: Dashboard (all failure-mode labels), 09-Benefit-Realization-Report.md §8 | D13: The dashboard's full failure-mode names (HDF = Heat dissipation, OSF = Overstrain, PWF = Power, TWF = Tool wear, RNF = Random) had not yet been verified against the actual AI4I 2020 source documentation — carried forward three times since 30 Sept 2026. | E13: RESOLVED 1 Oct 2026, as a direct by-product of sourcing the Q5/Q6 analysis: verified all five full names directly against the dataset's own documented generation mechanism (Matzka, S. (2020), IEEE AI4I, doi.org/10.1109/AI4I49448.2020.00023). All five names match the dashboard's existing labels exactly — no rebuild or relabeling needed. | F13: Resolved — 1 October 2026. See Reconciled-Finish-Schedule.md and Scope-Decisions-and-Limitations-Log.md for the full record.

Sheet Legend & Methodology
A1: Legend & Methodology
A2: How to read every tab in this workbook.
A4: Technique used to build this document (for the Prompt Library)
A5: Technique | B5: Chain-of-thought cross-document reconciliation: every FR was traced forward (does a story exist? a test case? a dashboard element?) and every claimed 'Ready'/'Executable' status was traced backward against the document it actually depends on (does the underlying analysis or data genuinely exist?). The backward pass is what surfaced G5 — a real inconsistency, not a hypothetical one.
A6: Dashboard Coverage column
A7: Full | B7: A dedicated dashboard element exists and matches the BRD's display requirement for that FR.
A8: Partial | B8: A dashboard element exists and is relevant, but does not meet the BRD's full spec for that FR (e.g., missing a sub-feature such as drill-down or a second ranking).
A9: None | B9: No dashboard element exists for this FR at all, and the FR is a reporting/display requirement (so one should exist).
A10: N/A by design | B10: This FR changes a workflow or data-capture process, not a report — it was never meant to produce a dashboard element. Not a gap.
A11: FR Status Category column
A12: Ready | B12: No open validation gap blocks build, per 07-User-Stories.md.
A13: Blocked | B13: A named BRD §17 action or Risk explicitly holds this requirement from build — see the Status Detail column for the exact citation.
A14: Proposed | B14: Not yet a numbered BRD requirement (FR-14 only) — tracked for visibility, not counted toward committed scope.
A15: See Gap | B15: The status itself is disputed by this matrix's cross-check — see the named Gap in the Open Gaps tab before trusting the backlog's own label.
A16: Scope note — why some gaps are expected, not defects
A17: Prototype vs. production | B17: 01-Project-Charter.md §3 explicitly scopes the dashboard as a "standalone prototype dashboard built against a static extract... explicitly not a live, CMMS-integrated production tool." Gaps G1 and G2 are the expected distance between a prototype and the BRD's full production-grade spec — they are disclosed here, not hidden, consistent with this project's standing data-integrity rule.
A18: Must-level ≠ automatically built | B18: A requirement being Must-priority means it was validated as necessary — it does not mean it has already been built. G3 and G4 are both Must-level requirements that are validated, scoped, and simply not yet implemented in this specific prototype iteration.
A19: Related documents
A20: Source of FR/BR definitions | B20: 03-BRD-Maintenance-Reporting.md v2, Section 7 (BRs) and Section 8 (FRs).
A21: Source of User Stories | B21: 07-User-Stories.md, 28 Sept 2026 — 17 stories across 8 epics.
A22: Source of Test Cases | B22: 08-Test-Cases.md, 30 Sept 2026 — 49 test cases.
A23: Source of dashboard scope | B23: Reconciled-Finish-Schedule.md (dashboard rebuild entry, 30 Sept 2026) and the Tableau Public workbook itself.
A24: Source of EDA findings | B24: EDA-Findings.md, last updated 1 Oct 2026 — Q1–Q6 all answered. Q5/Q6 were added 1 Oct 2026 via real statistical analysis against a pre-registered bar, closing Gap G5.
